{
  "combinations": [
    {
      "description": "when create list in trello do create entry at google sheet",
      "trigger": {
        "name": "trello",
        "id": "rownq3dmw2on"
      },
      "action": [
        {
          "name": "google-sheets",
          "id": "rowo7qb0k"
        }
      ]
    },
    {
      "description": "when this action will help you to send message on channel do create entry at google sheet",
      "trigger": {
        "name": "workspace91",
        "id": "rowqpeldc"
      },
      "action": [
        {
          "name": "google-sheets",
          "id": "rowo7qb0k"
        }
      ]
    },
    {
      "description": "when null do create entry at google sheet",
      "trigger": {
        "name": "google-sheets",
        "id": "row6x3cyi"
      },
      "action": [
        {
          "name": "google-sheets",
          "id": "rowo7qb0k"
        }
      ]
    },
    {
      "description": "when this action will help to assign a tag do create entry at google sheet",
      "trigger": {
        "name": "convertkit",
        "id": "rowtb0561rny"
      },
      "action": [
        {
          "name": "google-sheets",
          "id": "rowo7qb0k"
        }
      ]
    },
    {
      "description": "when Api call done via https lib do create entry at google sheet",
      "trigger": {
        "name": "msg91",
        "id": "rowvzewhew9j"
      },
      "action": [
        {
          "name": "google-sheets",
          "id": "rowo7qb0k"
        }
      ]
    },
    {
      "description": "when List all records of a worksheet using sheet ID do create entry at google sheet",
      "trigger": {
        "name": "google-sheets",
        "id": "rowlpijbo5k1"
      },
      "action": [
        {
          "name": "google-sheets",
          "id": "rowo7qb0k"
        }
      ]
    },
    {
      "description": "when Multiple records do create entry at google sheet",
      "trigger": {
        "name": "google-sheets",
        "id": "rowe4xn7u0ek"
      },
      "action": [
        {
          "name": "google-sheets",
          "id": "rowo7qb0k"
        }
      ]
    },
    {
      "description": "when Assign a tag to a contact using the contact email id. do create entry at google sheet",
      "trigger": {
        "name": "1234567",
        "id": "rowsh8yu7tt1"
      },
      "action": [
        {
          "name": "google-sheets",
          "id": "rowo7qb0k"
        }
      ]
    },
    {
      "description": "when Create or update a subscriber using email ID or subscriber's ID do create entry at google sheet",
      "trigger": {
        "name": "abcsubmit",
        "id": "rowxyhfzdht8"
      },
      "action": [
        {
          "name": "google-sheets",
          "id": "rowo7qb0k"
        }
      ]
    }
  ],
  "plugins": {
    "1234567": {
      "rowid": "roworqclq7pi",
      "name": "GoHighLevel",
      "description": "GoHighlevel is a comprehensive marketing and CRM platform designed for businesses to manage their sales, marketing, and customer relationship efforts seamlessly in one place.",
      "appslugname": "1234567",
      "iconurl": "https://t1.gstatic.com/faviconV2?client=SOCIAL&type=FAVICON&fallback_opts=TYPE,SIZE,URL&url=https://www.gohighlevel.com&size=64",
      "events": [
        {
          "name": "Assign a tag to a contact using contact email id",
          "description": "Assign a tag to a contact using the contact email id.",
          "type": "action",
          "pluginslugname": "1234567"
        }
      ]
    },
    "workspace91": {
      "rowid": "rowiw29yn",
      "name": "Workspace91",
      "description": "This app will assist you to use channel features",
      "appslugname": "workspace91",
      "iconurl": "https://t1.gstatic.com/faviconV2?client=SOCIAL&type=FAVICON&fallback_opts=TYPE,SIZE,URL&url=https://intospace.io&size=64",
      "events": [
        {
          "name": "Send Message",
          "description": "this action will help you to send message on channel ",
          "type": "action",
          "pluginslugname": "workspace91"
        }
      ]
    },
    "msg91": {
      "rowid": "row73khsf",
      "name": "MSG91",
      "description": "Transactional SMS, Email API, Voice API, WhatsApp APIs, and a dedicated OTP platform for two-factor authentication",
      "appslugname": "msg91",
      "iconurl": "https://t1.gstatic.com/faviconV2?client=SOCIAL&type=FAVICON&fallback_opts=TYPE,SIZE,URL&url=https://control.msg91.com/&size=64",
      "events": [
        {
          "name": "Send Mail Https",
          "description": "Api call done via https lib",
          "type": "action",
          "pluginslugname": "msg91"
        }
      ]
    },
    "google-sheets": {
      "rowid": "rowqm5xi2",
      "name": "Google Sheets",
      "description": "create update delete entries from sheet",
      "appslugname": "google-sheets",
      "iconurl": "https://t1.gstatic.com/faviconV2?client=SOCIAL&type=FAVICON&fallback_opts=TYPE,SIZE,URL&url=http://google.com&size=64",
      "events": [
        {
          "name": "Create Entry At Sheet",
          "description": "create entry at google sheet",
          "type": "action",
          "pluginslugname": "google-sheets"
        },
        {
          "name": "Create New Doc",
          "description": null,
          "type": "action",
          "pluginslugname": "google-sheets"
        },
        {
          "name": "List all Records",
          "description": "List all records of a worksheet using sheet ID",
          "type": "action",
          "pluginslugname": "google-sheets"
        },
        {
          "name": "Delete Records",
          "description": "Multiple records",
          "type": "action",
          "pluginslugname": "google-sheets"
        }
      ]
    },
    "trello": {
      "rowid": "row7k0hsbkvb",
      "name": "Trello",
      "description": " Track progress of tasks in one convenient place with a visual layout that adds 'ta-da' to your to-do's",
      "appslugname": "trello",
      "iconurl": "https://t1.gstatic.com/faviconV2?client=SOCIAL&type=FAVICON&fallback_opts=TYPE,SIZE,URL&url=http://trello.com&size=64",
      "events": [
        {
          "name": "Create List",
          "description": "create list in trello",
          "type": "action",
          "pluginslugname": "trello"
        }
      ]
    },
    "convertkit": {
      "rowid": "row4zgkzay3i",
      "name": "ConvertKit",
      "description": "add tag ",
      "appslugname": "convertkit",
      "iconurl": "https://t1.gstatic.com/faviconV2?client=SOCIAL&type=FAVICON&fallback_opts=TYPE,SIZE,URL&url=https://app.convertkit.com/&size=64",
      "events": [
        {
          "name": "Assign a Tag",
          "description": "this action will help to assign a tag",
          "type": "action",
          "pluginslugname": "convertkit"
        }
      ]
    },
    "abcsubmit": {
      "rowid": "rowkwx2c0abn",
      "name": "Flodesk",
      "description": "Flowdesk is a comprehensive platform designed to streamline operations and enhance productivity for businesses. It offers a suite of tools for project management, workflow automation, and team collaboration, helping organizations to efficiently manage projects and tasks.",
      "appslugname": "abcsubmit",
      "iconurl": "https://t1.gstatic.com/faviconV2?client=SOCIAL&type=FAVICON&fallback_opts=TYPE,SIZE,URL&url=https://app.flodesk.com&size=64",
      "events": [
        {
          "name": "Create or update a subscriber",
          "description": "Create or update a subscriber using email ID or subscriber's ID",
          "type": "action",
          "pluginslugname": "abcsubmit"
        }
      ]
    }
  }
}
